{
  "region": "us-east-1",
  "cognito": {
    "poolId": "",
    "aws_cognito_region": "us-east-1",
    "region": "us-east-1"
  },
  "lex": {
    "botName": "OrderFlowers",
    "initialText": "You can ask me for help ordering flowers. Just type \"order flowers\" or click on the mic and say it.",
    "initialSpeechInstruction": "Say 'Order Flowers' to get started.",
    "region": "us-east-1"
  },
  "ui": {
    "parentOrigin": "http://localhost:8000",
    "toolbarTitle": "Order Flowers",
    "toolbarLogo": "",
    "positiveFeedbackIntent": "Thumbs up",
    "negativeFeedbackIntent": "Thumbs down",
    "helpIntent": "Help",
    "enableLogin": false,
    "forceLogin": false,
    "AllowSuperDangerousHTMLInMessage": true,
    "shouldDisplayResponseCardTitle": false,
    "minButtonContent": "",
    "hideInputFieldsForButtonResponse": false,
    "pushInitialTextOnRestart": false,
    "directFocusToBotInput": false,
    "showDialogStateIcon": false,
    "backButton": false,
    "messageMenu": true,
    "hideButtonMessageBubble": false,
    "saveHistory": false
  },
  "polly": {
    "voiceId": "Salli"
  },
  "recorder": {
    "preset": "speech_recognition"
  },
  "iframe": {
    "iframeOrigin": "",
    "shouldLoadIframeMinimized": false,
    "iframeSrcPath": "/index.html#/?lexWebUiEmbed=true"
  }
}
