{
  "cognito": {
    "poolId": ""
  },
  "lex": {
    "botName": "WebUiOrderFlowers",
    "initialText": "You can ask me for help ordering flowers. Just type \"order flowers\" or click on the mic and say it.",
    "initialSpeechInstruction": "Say 'Order Flowers' to get started."
  },
  "polly": {
    "voiceId": "Salli"
  },
  "ui": {
    "parentOrigin": "",
    "pageTitle": "Order Flowers Bot",
    "toolbarTitle": "Order Flowers",
    "enableLiveChat": false
  },
  "connect": {
    "contactFlowId" : "",
    "instanceId" : "",
    "apiGatewayEndpoint" : ""
  },
  "recorder": {
    "preset": "speech_recognition"
  }
}
